Sentiment	Text
Neutral	#Hezbollah group’s forces had seized a road to the NW of #Mosul linking the city to Syria’s #Raqqah 
Positive	OMG 3 out of @jimmyfallon's #GilmoreGirlsTop4 will be on @FallonTonight!!! #Hyperventilating :grinning_face_with_big_eyes::grinning_face_with_big_eyes::grinning_face_with_big_eyes::upside-down_face::upside-down_face::upside-down_face: @GilmoreGirls @netflix
Negative	@bpolitics The Obama Admin is forcing products from non-industries on us. Remove subsidies and no solar, no biofuel, etc.
Positive	@carbajalbelind1 @AuditorioTelmex @ricky_martin very happy for u Bel, I really hope there will be a #owt dvd :woman_dancing::raising_hands::person_raising_hand:
Negative	I propose euthanasia chambers for all children who wander into my work without an adult and try hiding in the clothing racks
Positive	@miltonalvarado_ @NaGOATo Makoto's looks great 
Positive	Powerful. #MannequinChallenge 
Neutral	US electoral college a rubber stamp, says Talbott 
Negative	@co_rapunzel4 @miranibhavesh Those are the 1s. Their hate list includes Warren, Feinstein, Pelosi, Bader, some of the women I most admire.
Positive	Oregon is once again leading the way in driving voter participation. Hope more states follow suit. 
Neutral	Watching #MichaelMoore in #Trumpland. #resist #protest #trump
Neutral	#Hezbollah Martyr Mohammad Shalhoub from Sour Martyred after sustaining injuries in 1070 #Aleppo a month ago 
Positive	Finally I'm gonna watch all eps that I missed #Lucifer #Supernatural #Arrow #Flash #Class #TheWalkingDead #TheBigBangTheory :face_with_tears_of_joy::heart_with_ribbon:
Negative	@MarioV7 it's soft conservatives who are cool with gay people (sometimes blacks) and drone strikes versus genuine progressives.
Negative	@DrJillStein you are out of your mind, nuts, didnt the dems make a big issue out of DJ Trump not accepting the vote in case Clinton wins?
Negative	@UTxBeezykingwi Yeah they get paid, but not even minimum wage, thats my point. Their job can underpay them because of tips excuse.
Positive	Its #NationalFastFoodDay .. surely that's all the #wednesdaymotivation you need. #getinmybelly 
Negative	@Keep_Pounding @Thejayman33 Tim Duncan has never committed a foul either. Some people just can't get over personal issues they have w/ some1
Positive	@magbedu @chikatwerks1 @MaDailyGist hi love the tweet, got stuff on social security tweet
Neutral	NANCY PELOSI & HARRY REID HAVE BEEN TWO OF THE BIGGEST BENEFICIARIES AMONG UNTOLD OTHERS FROM BOTH PARTIES! DINO&RI… 
Neutral	"FRANCE'S FRONT NATIONAL MARINE LE PEN: ""ITALIANS HAVE DISOWNED THE EU AND RENZI."" "
Positive	Gold heart earrings, Textured gold heart charm dangle earrings, heart jewelry, valentines.. 
Negative	#Yemen #Hillary #Trump #MAGA Corruption to kill. 
Negative	Perhaps it's time to depose Pope Francis and elect a faithful priest to be his successor: Robert Cardinal Sarah. 
Negative	@VOlDFUCKER like pre tpp or his death
Negative	Retweeted Oldman (@gary_stone0):@Corraandrews @Tee_Quake @COlphie @TeamTrumpAZ @trump2021 @DrJillStein ripping off the dems again
Neutral	. @wikileaks #Yemen  #Vietnam scene difference scurrying to #HillaryClinton
Negative	If we are the #Deplorables,that makes them #Despicables , #Unelectables & #Failures
Negative	@stepoya @DefraudTheVote @mike_pence Well you're an idiot then. Goodbye.
Positive	Imagine a film with Zac Efron in it, actually not making a joke about how good looking he is
Negative	#PresDT's gonna sell #NASA to #Putin...Why not(?) #NasasPutinsBitch anyways 
Negative	@CCFA_MN seriously guys homeopathy?
Positive	Always #Believe. 
Neutral	A Battle to Change Medicare Is Brewing, Whether Trump Wants It or Not - The New York Times 
Negative	@rockmonster1232 @DavidDJJames @utahjazz @BYUbasketball I'm sure it's Coach K's fault :thinking_face:
Negative	@realDonaldTrump you were elected with promise to keep #Medicaid #Medicare Paul Ryan was not elected #POTUS PLEASE do not kill w his plan
Negative	#Israel accuses #Iran of using commercial airline to transport weapons to #HezbollahTV7 Israel News 
Positive	How #prototype #manufacturing is helping the #environment 
Negative	@gerfingerpoken.Abortion KILLS 3000 HUMANS/dayIf don't START with ABORTIONYOU'RE just a poser with gun control or lives matter#MAGA.
Neutral	@Theycallmetobi Tony romo needs a new team lol
Positive	@CsmcPhlospher @ArepaEater A very good description of Maduro: PIN HEAD. Thank you.
Positive	@HillaryClinton #StillWithHer Thank you for everything.  You r my #inspiration.
Negative	Marijuana stocks: Don’t listen to these morons // Medical marijuana investing cannabis pot… 
Negative	@da_minicooper and if I still don't have a boo by Valentines then I'm blaming you
Positive	Sang one my favourites last night for the Leonard Cohen Tribute. Such an amazing night to be a… 
Positive	@VoucherAngels #Hatchimals # Hatch these are like gold dust now :green_heart::green_heart:
Negative	#fucking zac efron porn pass xxx 
Positive	Ben Carson;One of the reasons comedians will have material for years! 
Positive	William Dunbar nailed it about Misha four years ago. It's still one of the best (temporary) political obituaries... 
Positive	I'm really looking forward to FFXV but I haven't actually finished Persona 5 yet...
Positive	IFC signed agreement with Bank of #Palestine to scale up lending operations to smaller firms, especially women-owne… 
Positive	Congrats to @colsonwhitehead @DrIbram & @repjohnlewis for their #NBAwards. Thank you for telling your stories. 
Positive	"@npdrifter  ""A great man""...and you call conservatives backward?"
Neutral	@globeandmail alt-right was adopted by Deplorables. Average middle Americans.  I've now moved to Libertarian. @infowars
Neutral	$BAM! $ADS $ARE $FOR $ADS$I $AM $FIT$PAY $OUT $CUBS
Positive	New #BeautyAndTheBeast photo of Gaston wooing Belle @EmmaWatson @TheRealLukevans: 
Positive	Jacob :victory_hand_light_skin_tone::money-mouth_face:  #screamqueens 
Negative	"@andieiamwhoiam regarding her case being a waste to taxpayers when other murderers were not ""death penalty guarantees"" due to demographics"
Neutral	One by One, #ISIS Social Media Experts Are Killed as Result of F.B.I. Program 
Positive	On sustainable goals... more countries are making pledges to drop the use of fossil fuels and… 
Positive	Welcome to the world according to #Trump #TrumpCabinet #TrumpTransition #TrumpTransitionTeam #TrumpTeam 
Positive	‘Google Earth VR’ Launches For Free To Let You Fly Around The World 
Negative	-- @mike_Pence.. Stop pushing #NeverRomney as @realDonaldTrump SOS you are hurting Trump's transition with incompetency. Pick another SOS
Negative	#Uber should try to solve their glitches with #BRTA restrictions and try ASAP for Uber availability in #Dhaka.
Positive	Thank you Michael Crichton & @HBO. @WestworldHBO may very well be the best thing I've ever watched. Sorry @BreakingBad_AMC. #Westworld #HBO
Negative	@friendofjeremy @downbeat63 Mass is already behind Corbyn, but he continues to appease the Blairites.The rightists must be kicked out.
Neutral	I bought Seventh Generation Hand Wash, Fresh Citrus, 12 Ounce in support of End Animal Testing... 
Positive	TPP Grants Banks Terrifying Secret Powers on YouTube 
Positive	@LaCroix yeah I know I understand him and can respect as such is returned @KatrinaNation @najatvb @EPN @TzipiHotovely @poroshenko
Positive	Homeopathy is also good for our kids, with no harmful side-effects! 
Neutral	Sleep baby sleep
Negative	@Dwarfpoo @NAInfidels @TruthIwant2 why don't you accuse #Israel of aiding #Hamas 
Positive	I find myself humming the notes of #ThisIsUs  @TheMandyMoore sang a few episodes ago.  Missing her angelic voice.  Love the show.
Positive	It is very important to know that vaccines do not cause autism
Neutral	when the test sample is so cute & fluffy but you have to do cervical dissociation on it... :((#euthanasia
Negative	@petestavros @megynkelly you obviously don't watch her show! I like FOX so I watch I don't like her show!To phony f… 
Negative	McCoskrie: Euthanasia – we don’t need it 
Positive	@Lookinabout yet we won the popular vote we already out number u. And we are slowly expanding into the rural/suburban area
Neutral	Tipp native and heavyweight boxer Con Sheehan and recently retired Tipp stalwarts among Jackie Cahill's guests on... 
Positive	@csuwildcat Longer term prediction re this: self-driving cars => lower car ownershipelectric cars => swappable parts => easier repairs
Positive	Medicare is more cost-effective than private insurers and could serve as the foundation for a single-payer system. 
Negative	@StandLoneCmplex Her best segment was the bit on immigration near the end. I thought she did fairly poorly throughout the first 24 minutes.
Positive	Microsoft and The Linux Foundation - friends at last - as Satya continues to focus on the future.  
Neutral	When Walker wins a Cy Young you'll forget all about JS. Power arms take longer to develop (like Scherzer.... ouch) 
Positive	It's definitely Christmas season! My social media news feeds have been all about #Hatchimals since midnight! Good luck parents! :Christmas_tree:#santagot1
Negative	Beware of scarcity marketing tactics for the holidays! Wanna save money? Just wait it out #teachecon #Hatchimals… 
Neutral	.@AndreaChalupa tweet storms do not explain her rapid follower increase starting Nov 1st - gained 7k in just 3 wks,… 
Neutral	#UnitedNations planned #GunGrab. #NRA #SecondAmendment #MolonLabe #ComeAndTakeIt #MichaelBloomberg 
Negative	I gotta write EVERY SINGLE FIC with robots questioning their orientation. Lord
Negative	@Shane106320: Holy fuck you're stupid.The link was in the Tweet u quoted.Have you considered Colorado's new euthanasia program?
Positive	Prophesized collapse of organized religion in society? We can only hope. They think Francis will be the last Pope. He's a hard act to follow
Negative	@thebeachwife @WayneDupreeShow It's probably funded by George Soros. He's a vile bastard that hates America.
Negative	Outed As Russian Spies
Positive	@Mia3lias good thing donnie trump's coming to take them bad hombres out of here.
Positive	OMG Niall's eyes! :o <3#MPN #OneDirection 
Neutral	@actparty English has opposed abortion voluntary euthanasia ,physician assisted suicide,.Your new boss will oppose it ....
Positive	Yeah where's season 2 gonna go? Incredible season finale yo #WestWorld
Negative	Ben Carson got the last job on the list, why? Housing ,URBAN DEVELOPMENT, ALL BLACK MEN CAN DO THIS JOB. He will stay out of OUR WAY. :trumpet: SAID
Negative	If you condemn Trump’s pick of Steve Bannon, condemn Al Sharpton’s protest on Trump’s inauguration… 
Positive	How I feel after post #Thanksgiving headed to #BlackFriday looking for deals and doing my #cardio on... #Doyoueven?… 
Negative	They run the risk of medical negligence claims and disciplinary action. #homeopathy 
Negative	Retweeted CaptainsLog2016 (@CaptainsLog2016):Voter Suppression/FraudFake NewsRussian HackersFBI Witch... 
Negative	Imagine that? Bait and switch? Noooo lol. #maga #draintheswamp #potus45
Neutral	Cynthia Mckinney: AIPAC total control of US Gov't  
Positive	@___Muhammad_ALi Thankyou :')
Negative	@AdversAerialOne @reply Barack Obama said he wanted smooth transition,too bad.we as a ppl know Trump lost & had outside help
Neutral	Fracking found to cause quakes | Otago Daily Times Online News 
Neutral	Thoughts?... 
Positive	@thedavidcrosby it's what Bob Dylan sounds like at an amphitheater
Negative	@HillaryClinton - Al Gore concession 2 Bush 2 soon =d 8 yrs of US demise. U2 Hillary? #doesntaddup  #auditthevote #StillWithHer
Negative	Retweeted Ben Verlander (@Verly32):Are you kidding me? Most first place votes and doesn't win?... 
Positive	Here's a Leonard Cohen song that I like a lot 
Negative	@UM_Slack @walpoc @KDRocher Still have Obamacare, don't hear about death panels from you idiots ever
Positive	Steve Bannon is my Favorite Trump -Pick Yet, Breitbart is a threat to media:party_popper:coming from a fellow Jew, Trump will ha… 
Positive	Catching up on TWD #amc #TheWalkingDead
Positive	A.Relentless.Fucking.ExperienceThank you for the wild ride@evanrachelwood @jimmisimpson @AnthonyHopkins #Westworld
Neutral	#NBA #Cards 2015-16 Gold Standard Tim Duncan White Gold Patch #Card /25 San Antonio #Spurs 
Neutral	President-elect Donald Trump is spending Black Friday in South Florida, mulling over transition issues. 
Negative	"@bakedalaska We should be pushing back against Libs and Soros via protest instead of creating ""Trump Cups"""
Neutral	Phosphorus: highly flamable: A person who is affected by Phosphorus is energetic, outgoing, hyperactive, sociable,… 
Positive	Cristiano Ronaldo u won the heart <3 
Positive	i bought it for kh3 and persona 5 and ffxiv (tho i havent touched that in months
Negative	Look at the anti-Trump riots. Case closed. 
Neutral	"Media connected to #Palestinian #Hamas says ""60,000 settlers"" evacuated due 2 fires in #Israel; 4 them every1 n… "
Negative	forest fires in Israel, my advice to Israel, kick out all islamic people (bad hombres) once&for all: 
Positive	the amount of times I've said hallo and imitated Melania Trump tonight is at an all time high ahahaha
Negative	#BlackLivesMatter #potus #HillaryClinton You called for this. Getting what you chanted for. Disgraceful! You have i… 
Positive	@annehelen @GOPartyofTrump LOL no comparison Melania Trump is this rockstar!
Negative	The true parallel for #ItalyReferendum is 
Positive	#NowPlaying Leonard Cohen - Joan Of Arc (live) 
Neutral	Another one in the Tory election locker...
Neutral	Wikipedia: Call to action to update Homeopathy at Wikipedia - Sign the Petition! 
Negative	What hits Trump's EGO most? LOW RATINGS & NOT having an Audience on his Big Day (We can watch it… GburgDem 
Positive	I managed to find Nintendo in Google Earth VR. How many nerd points do I get? #alwayssunnyingoogleearthvr
Neutral	Los Hombres bad or good you have the right to shake up the system. #marcocalvani shows us how… 
Neutral	Tesla Motors Will Build All Its Cars With Self-Driving Hardware, Says Elon Musk | TIME 
Negative	@thehill It's hard to tell which are the stupid Americans & which are Putin's trolls. Birds of a feather. Fools together.
Negative	nothin' like a closet bigot to lead the dems. 
Positive	@VoucherAngels #Hatchimals  would melt his heart...and mine. X 
Negative	I've started using Marine Le Pen's twitter acct to figure out if I am happy or sad about EU political results (Italian referendum - oh no!)
Positive	We just tried @googleearth #VR in our @htcvive and loved everything about it!
Positive	Hell yeah Steak n Shake! #NationalFastFoodDay 
Positive	Fan opinion: right now I would absolutely take Justin Verlander as a Red Sox. Hands down. #RedSox
Neutral	:smiling_face_with_halo::red_heart:...just because it's Friday night and I'm home doing nothing 
Neutral	Here’s Some More Trump Transition News: Trump picks his deputy national-security adviser and White House counsel. 
Negative	Is @gicariana harassing @dianefrancis1 under guise of debate? If tables were turned Ariana would be on to @support… 
Neutral	@HillaryNo1sPres @GERI1324FAN @cdldad @LawyerRogelio Obama expanded Veterans Centers in rural areas & fully funded the Veterans Admin
Positive	@Reaganista @iowahawkblog @14ymedio  For anyone who asks if the embargo against Cuba was worth it. Show them this picture and laugh YES!!
Neutral	#Uber for #Millennials who want an orchestra in their living rooms @AnilArjunK 
Negative	"China censored Fatty Kim the Third (or ""Kim 3 the Fat = Jin San Pang"") because Best Korea complained about mean com… "
Negative	i just wonder how much @DrJillStein got paid and what position she was offered - may be a role in Clinton Foundatio… 
Negative	#KremlinTrolls don't know their head from their arse. 
Negative	@rizo444 @kevinalv3 he'll never win a ring. DAK WILL NEVER WIN A RING!! Lmaooo NOR WILL TONY ROMO WILL AS WELL!!
Positive	@ctrm045 @therealcornett @grammy620 @megynkelly Hmm... good to know.
Positive	which one would you prefer to listen to for a whole day? :smiling_face_with_heart-eyes::sign_of_the_horns_medium-light_skin_tone:; i could never choose #arianagrande #IntoYou #SideToSide #songs #Poll
Positive	Can't believe #3YearsofMidnightMemories ! @onedirection #onedirection #1D #directioner !!! 
Neutral	Day 5 Advent Gift Countdown - 'Gold Standard' 
Positive	"Bob Dylan's ""Sara"" - the kind of melody that stands up and slaps you in the face it's so beautiful"
Positive	@pedos4Muhammad LOL muh popular vote. :face_with_tears_of_joy::face_with_tears_of_joy::face_with_tears_of_joy:
Negative	1/ Today's #fascismfact is that eugenics, far from a Nazi German aberration, was first celebrated and practiced in the UK, US, and Canada.
Neutral	@JohnFugelsang You just complimented Kim Fatty the Third.
Positive	@tabbydragon Not yet. I have a few books on how to do that, but lately, I've used 3D printing instead. Will use wires if I use clay again.
Neutral	Marine Le Pen is the next France President, right? Tears :loudly_crying_face:
Neutral	#Galaxy Note 7 has a #blue #light filter option built into the display settings #android #mobile 
Positive	can we like get zac efron or justin bieber for next year's mmbc or something bc lol
Negative	This thread.  Short version = call them white nationalists.  Not alt-right or white supremacists. 
Negative	Y'all dumb mfs thought y'all was eating Thanksgiving food on Friday? Ain't black Friday after Thanksgiving every mf year!? How tf!!??
Negative	@BritishAwake             BBC Bullshit Baffles BrainsMarine Le Pen.. 
Negative	@therealdanelee he spoke against Tpp and is now speaking out against Dapl. You are just trolling with fake news now
Neutral	"@AndrewQuackson no wonder Kim Jong Un wrote a letter saying ""what about meeee?! I cannot be haxx0r?"""
Positive	Studs Terkel 1963 interview with Bob Dylan airing right now on @WFMTclassical, livestream at 
Neutral	#University of #California will refuse to assist federal #immigration agents seeking #students without legal status 
Negative	College professors are teaching our children  how great socialism is while parents pay expensive tuition.See the re… 
Negative	.@realDonaldTrump Why you considering that GUN-GRABBER Petraeus for anything????? 
Negative	#TheWalkingDead S7 is not very addictive.
Positive	Nice 10-k-run in the morning sun. #Jerusalem 
Neutral	@AskCapitalOne I'm an investor asking are you supporting the Dakota Access pipeline? #nodapl #bankexit #istandwithstandingrock
Negative	@jamescharles I'm sorry:confused_face:It's not their business-what kind of people are they to wish these things on you that are worse than animal testing
Positive	Good to meet civil society representatives from #Libya and brief about SE seat in UNSC 2017-18 and our feminist foreign policy.
Negative	When you make opponents publicly apologize....well #YoureAFacist #MangoMussolini #democrats #CalExit #HumanRights… 
Positive	Surprised by 
Negative	David Blaine shit on Netflix about to make me throw up.
Neutral	Bob Dylan unable to attend Nobel ceremony Dec. 10 due to 'other commitments.' I was able to get hold of his sched… 
Positive	NFL Latest Trade Rumors & Update: Trevor Siemian Unfazed With Potential Coming Of Tony Romo To Denver… 
Positive	YES! Watch a Tesla Model X P90D Drag Race a Model S P90D: 
Negative	@Sqwizzey @MMFlint Michael Moore is a bloated and crap-flinging monkey.  Trump won fairly.  Deal with it.
Neutral	Paris Geller, Emily Gilmore, Mrs. Kim, Miss Patty #GilmoreGirlsTop4
Negative	@ezlusztig @HouseOfMichele @greenhousenyt Is that what you call ignorant white trash these days, conservatives ?
Positive	"LEONARD COHEN - ""Take this waltz"" from #EnriqueMorente "
Positive	When your dream is to be the next kim Jong Un 
Negative	@DailyCaller @BeachDreamin291 It's UNIMPORTANT who won the popular vote. THAT'S NOT HOW WE ELECT OUR PRESIDENT IN THE UNITED STATES!
Positive	@elonmusk Tesla Network enrollee's eligible for relatively low cost insurance, since 'self-driving' cars are safer? Tesla to self-insure?
Negative	OBAMA, HILLARY, KERRYARMED, INCITED YEMEN CIVIL WARfor OIL $$$$$$$. period. :police_car_light::police_car_light: #YemenFiles :police_car_light::police_car_light:#YemenCrisis… 
Negative	WESTWORLD. HOLY FUCKING SHIT.
Positive	@verynetwork wowzers!! superb prize!! :smiling_face_with_heart-eyes: #hatchimals #WIN #BlackFriday
Neutral	[NFL Nation: Dallas Cowboys] - Dak Prescott too busy winning games to look over his shoulder at Tony Romo 
Neutral	WeWeDonald Trump says...We need to build a wall on the Mexican border.We need somebody who can make america great again.. TF
Positive	@jpus_br @ricky_martin Thank - you. You as well. Hugs and kisses to Matteo and Valentino dear heart. :face_blowing_a_kiss:
Neutral	The #ElectoralCollege should choose #HRC. If you agree, read & sign here: 
Negative	@Okupuna @CNN really? Illegal immigrants can't vote without proper identification and  a Voter Registration card. You aren't that smart
Negative	Why did I just watch Michael Moore defending #blacklivesmatter
Negative	Make no mistake: China is turning against Singapore given our government's outspoken stance on the TPP. Beijing... 
Negative	I haven't seen my best friend since the Cubs parade :frowning_face: and we only live less than 5 minutes away. :weary_face:
Neutral	How did I become THAT MOM. ISO #hatchimals
Positive	Excellent read to understand #MosulOffensive: On the ground in Mosul: why the worst-case scenarios are coming true 
Negative	@CNNPolitics Get rid of steve bannon the Racist. !
Positive	Emily, Paris, Kirk, and TJ.#GilmoreGirlsTop4 #SookietheInvisible5th #teamLOGAN (Yes, I know, an unpopular opinion)
Negative	President Elect? More like President Erect! A wall! On the Mexican American border!
Positive	Found my Bernie soulmate :person_gesturing_OK_light_skin_tone::bird: #NODAPL @ Dakota Access Pipeline Resistance Camp 
Positive	@petestavros @megynkelly Well, good for you!
Positive	Opening de Ricky Martin :musical_notes::collision:@laliespos :revolving_hearts: #LaliEnMexico 
Negative	@BillCrowson @ScottInSC America will move on when White Supremacists aren't running emboldened throughout the country.
Neutral	@IvyEnvy @CoreyFineran @SonRanto call it Un-con Cubs con 2k16
Negative	#Fires around #Jerusalem! #Terror Molotov cocktail  the cause. 20 aircraft  operating. Friends in #Nataf evacuated.… 
Negative	My Mom is living in a senior home facility has no sense of anything, and found a voter registration form today in her room. WTF....
Negative	(Global News):#Hatchimals craze causes frustration as demand outstrips supply : The.. 
Positive	@_TheStable ha ha... Think I've just come up with your #valentines social media campaign #lovestable - you need me on your marketing team!!
Positive	@KOPoole 
Positive	Excited to be joining the great John Carr at @Georgetown tomorrow at 6:30pm to discuss #Pilgrimage. Please join us! 
Negative	I'm making a PowerPoint on how vegetarianism isn't as unhealthy as people think
Negative	When all the poor whites who voted for Trump get their Medicaid taken from them I'ma be like ¯\_(ツ)_/¯
Positive	I never tire of learning of new #deepsea #creatures. Could #extraterrestrial oceans harbour such denizens? 
Neutral	I feel like Muhammad Ali..
Positive	@shannondrayer prediction: Walker will get the cy young next year and a golden glove for Marte. The trade curse must continue!
Positive	#Spurs #GoSpursGo 1997 SP Authentic #128 Tim Duncan RC Rookie BGS 9.5 
Negative	So Austria's new president is a proponent of divorce, gay marriage and smoking until it kills you? Still worried... 
Negative	@TomiLahren This bitch is retarded. Any intelligent person w/ a degree will tell you fossil fuels should be replace… 
Negative	Post-election Trump protest, NYC. 11/13/2016. #ICPwethepeople #flakphotoresistance #lensculturestreets @ICPhotog… 
Positive	Watch @BookViewNow's interviews with #NBAwards Finalists and other amazing authors from #MiamiBookFair2016 
Negative	@nike @UnderArmour get u2 buy thier product than ur parents get ripped off managemnt rigs it2drop n steal thier 401… 
Positive	Persona 5 Take your heart, Premium Edition is available for pre-order in the place where I usually get my games o(≧∇≦o)
Positive	I don't know if I should watch and listen to the music video of La mordidito or just stare at the angelic ricky Martin :smiling_face_with_heart-eyes: damn
Negative	@moosehickey @petestavros @megynkelly posting pictures of Ms. Kelly while making slanderous comments is pretty hateful. Name-calling.....
Negative	#UNDP The DPRK is not here. Such traitorous actions cannot be tolerated. Praise to Kim Jong-un. #SydMUN16
Positive	At the #NBAwards finalist reading, the poets were on :fire:. I've been reading these all day & they are brilliant. I can… 
Negative	@Nigel_Farage Always thought he was a patriot but now that DC/Clinton corruption is exposed he & GW don't seem so patriotic:confused_face:#draintheswamp
Positive	Day 2 of vegetarianism :green_apple::pear::strawberry::grapes::banana: going good :smiling_face_with_smiling_eyes::thumbs_up_light_skin_tone::victory_hand_light_skin_tone:
Positive	"Love listening to Popovich talk about Tim Duncan. ""He can do whatever he wants...every time we go to a meal, we raise a glass and toast him"""
Negative	Ethnic cleansing is morally wrong and illegal, no matter who is perpetrating it. #IsraeliApartheid #Palestine #BDS
Positive	@coachglove I think it takes tremendous teamwork to achieve military objectives. Gold standard. Thus the comparison.
Positive	I am a hipster muppet who enjoys authoritarian fracking . Support our troops.
Neutral	Guess I'm about to catch up on #ScreamQueens
Neutral	@JohnParshon @thepallister @dougf24 @JuddApatow POC, women, people on Medicare or close to it like myself
Negative	Remarkable. Expert who investigated death of Litvinenko 'killed himself' after trip to Russia 
Negative	I work a minimum wage job like twice a week and I don't go to school and that means I have no purpose in life :-)
Negative	@bpolitics Wow, Putin and Richard Spencer gets face palmed by Bloomberg. What’s the Russian and Nazi words for “dis”?
Neutral	SOMA in Google Earth VR. This place is growing 
Negative	US supporting aggression on #Yemen since 610 days Killed +10thousand  no One talk to stop it !! why is that ??NOw u… 
Neutral	Supercars of Cristiano Ronaldo - Top 10 
Negative	Labels are now meaningless. Conservatives are populists, but conservatism is opposite of populism. 
Neutral	@GardJohanna @CNN @ABC other news disagree 
Neutral	NHL: TarasenkoMLB: VerlanderNFL: Dez NBA: Not a sportSoccer: Not an American sport 
Positive	@HillaryClinton We love you Hillary..we haven't given up the fight, yet. That's if your still interested in the job :) #StillWithHer
Positive	Seven fascinating facts about #ScreamQueens 
Neutral	Gold Standard BCAA takes training to another level with 5g BCAAs, 250mg of patented Wellmune(R) and 200mg of... 
Negative	Obama... Evil, Stupid Or Both? Video - Bill Whittle RETWEET 
Negative	@immigrant4trump @Jim_Peoples_ you know she was bought and paid for a Pelosi wannabe
Neutral	'I am opposed to a multi-cultural France' - interview with Le Pen. 
Positive	"That ""educated virgin"" line from ""Sleepwalker"" by The Wallflowers is maybe my favorite written by either Bob OR Jakob Dylan."
Positive	"#FunHappyCalendar Tip for November 26th:""Make enough soup to share.""#Thanksgiving #LeftoversAvailable at:… "
Positive	@tonyfernandes God bless you & Pope Francis abundantly
Neutral	My girl throws shade like she's the starting pitcher for the Chicago Cubs
Negative	How is it that in 2016 & with the internet existing people still think vaccines are unsafe
Positive	Ashley Graham Just Shut Down The Runway In Her Lingerie At NYFW - See Killer Curves! 
Positive	Check out @ScissorSister2 great  #MannequinChallenge!  
Negative	It'll be a blue Christmas. #StillWithHer 
Positive	Watch Drake and Dave Chappelle Lose It Over a David Blaine Trick 
Positive	@CNN Excellent idea!  Maybe the electoral college will change the outcome of the election!  They have a constitutional right to do it!
Negative	Still relevant from this summer -- Trump and the art of bad publicity 
Positive	Well said #Muhammad Ali Jinnah 
Positive	Westworld is what #GoT will never be : Mastered and suitable for a Series format.
Neutral	Are you a Jay Cutler or a Tony Romo? 
Negative	These voting analysis of why #Trump won are RIDICULOUS..He LOST popular vote by 2M ...he LOST by 2M ...REPEAT..#Trump LOST by 2M votes
Positive	Keras 1.1.2: Deep Learning for Python 
Neutral	I'm so here for Vogue calling out designers for not dressing Ashley graham but how great would it be if they actually named those designers?
Negative	What's fascinating to me in reading up on all of this craziness is how open racism has never felt more... 
Negative	By design, algorithm & policy @Facebook entrenches echo chambers and amplifies misinformation. @zeynep for the NYT.… 
Positive	One direction will always be in my heart:kissing_face_with_smiling_eyes:#OneDirection #NiallHoran #LiamPayne #louis #harrystyles #ZaynMalik… 
Positive	I can't wait for NYE outfits and valentines lingerie lol :growing_heart::face_with_tongue::money_bag:
Positive	Fairmont beats Tipp 38-28! @GWOC #gobirds 
Neutral	Just prove it all wrong next year #cy young  
Negative	Although some vaccines protect our children, they still have potential to b very toxic.
Positive	Most Epic #MannequinChallenge EVER!!!!!!!!!!! 
Positive	@TheMovieChick06 how cute is this?#thewalkingdead 
Negative	@SouthernPundit Fidel must have died in prison, he was a criminal, as well as Nicolas Maduro in #Venezuela 
Negative	@SteezyEvelyn @TomiLahren she is one of the dumbest public figures ever. how do you think fossil fuels are the only energy source, like wtf
Negative	@OVOEdB0925 He ain't nowhere... As usual. He's the fragile Tony Romo of WR's.
Negative	North Carolina Republicans passed a “monster” voter-suppression law that required strict photo ID
Negative	@BrittPettibone in this Democrats & Republicans agree but bringing people like Gingrich & the like does not #DrainTheSwamp @GOP
Neutral	.@Microsoft — yes, Microsoft — joins the #Linux Foundation. #TechNews 
Positive	Chanel Por Homme :face_with_tears_of_joy: #ScreamQueens
Positive	@OnyxOblivion This year I’m already taken care of with World of FF, Persona 5 and FFXV. So much to play.
Positive	There is no one else that could or should sing #BeautyAndTheBeast We want @celinedion to sing it!
Negative	#TRUMP2016 Donald Trump #NotMyPresident  ball-chain #Hillary #BlackLivesMatter  #tcot #trump #tpp 
Negative	#TrumpTransitionTeam Promises HATE CRIMES Will Rise No Accountability for Neither Police or Nazi Vigilantes… 
Negative	@Mediaite And once again, whiny rich white liberals with their parent's credit cards are out money.And today was… 
Negative	Discover The Many Dangers Of Vaccines and Vaccination 
Negative	"Steve Bannon - its okay for straights to call lgbt ""gay, fag**t, and qu**r""... anyone who comes to me saying that gon catch these hands :oncoming_fist::collision: :oncoming_fist:"
Negative	The biggest problem in world is that media is in hands of bunch of low IQ morons who r making it dumber #Westworld  
Negative	Because we don't need cucks and snakes in Trump's administration. #draintheswamp #neverromney
Neutral	The original #MannequinChallenge 
Neutral	First CHAVEZ, Now FIDEL, Next...NICOLAS MADURO!!!
Negative	@AnimeDatingUSA But BECAUSE you spent hours on something you will be more likely to toss money at it. Death is a super harsh penalty.
Positive	Google Earth joins the VR revolution letting you wander the world in 3D: 
Positive	Well Zac Efron is gonna resize all your holes. @omggjackiee @Trashcollab I'm still giggling 
Negative	Saakashvili resigned his post in Odessa hoping his 'pal' The Don would back his ambition in Ukraine; Putin put The Don right on that one LOL
Neutral	@nocompulsoryvac @LotusOak not so sure.  
Negative	@MrKAK27 @docrocktex26 More massive voter suppression. The right will stop at nothing to disenfranchise black & brown voters
Negative	MN MOST LIBERAL STATE IN US THANKS TO TWIN CITIES MIGRANTS & LEFTISTS. LOOK AT REPORT ON MN DECRIMINALIZING CHILD SEX ABUSE IT'S SICKENING!:pouting_face:
Positive	Hopefully God bless Late Fidel Castro Legendary Cuba Leader and help Cuba people's in this crucial time Thank you
Positive	Pitchers are a different world, my friend Cy Young tells me. Larry Walker is up there. Have to compare stats, and d… 
Negative	.@parkinsbrea @atheistie The claim that abortion causes breast cancer is a big lie! 
Neutral	Grayson Allen should have gone to the #NBA after last season. His stock wont ever b that high again and that's not a shot at him as a player
Positive	"Pro-Tipp :face_with_tears_of_joy: ""@transl8oratwork: Funny yet true!  #translation #translator #getnoticed "
Negative	Melania Trump can copy Michelle Obamas speech word for word, but if I plagiarize on a research paper I'll get kicked out of my university :upside-down_face:
Positive	#TheWalkingDead episode 42. The Governor is back to his old ways...plans on taking over the prison. For me, 8/10 #JJReviews
Neutral	Embargo, keeping honey clean since 1991 
Positive	waaant 
Negative	Jill Stein is now the Democrats puppet. They will do anything  to beg,borrow or steal this election. Stein and Dems real scum.@FoxNews
Neutral	Wait nvm David Ross is on it for some reason and I'm not sure if that's Verlander or someone else
Negative	@D18Dx @DeplorableJames @AIIAmericanGirI @3rdReiched @Cernovich and Hitler's first strategy was to disarm the Jews. Gun control sucks.
Neutral	..migrants should pledge to follow British values 
Negative	@ShawnaKaay_ Tony Romo is a cancer to the American people.
Negative	Hey Kim Fatty The third u there :D ? Fatty fatty
Negative	Am I the only one that thinks #Trump is playing w/ #Romney to get back at him for his criticism? Smh. #UniteBlue #libcrib
Positive	Me and the incredibly talented @ArabellaRodrigo at #BeautyAndTheBeast #sitzprobe yesterday. Opens next Friday. Eek!… 
Positive	thankful that @elizabethforma / @SenWarren exists. not even my state senator, but she's amazing.
Positive	Great to see @KZapponeTD talk positive rights to reproductive autonomy - enabling meaningful access will be key 
Positive	The latest The Deep learning Daily! 
Positive	Go Marine Le Pen!:backhand_index_pointing_down::thumbs_up: 
Positive	#Hatchimals is one of the 14 coolest toys for the holiday season - #CNNMoney 
Positive	A beauty by Curt Montana Moore 
Positive	tipp hill is the best :four_leaf_clover::green_heart: 
Positive	@ccdc_cambridge An article that may interest you re. 3D printing of crystal structures 
Neutral	#TrumpTransitionTeam issues #Statement...Clearly, they never Met #Trump. 
Negative	Well - we shld be grateful for that home b/c most likely the DT admin will cut it from the budget/put them on the s… 
Positive	Democrats knew the this was how important this election was.  We need to #UniteBlue Be bigger re-focus on OUR goal. 
Neutral	@GPB5UK Is there anything we can help with at all Graham? ^Ashley
Positive	.@NickPaulTaylor reports @generalelectric and @UCSF have teamed up to build a library of deep learning algorithms. 
Positive	L L L #Entertainment #Buzz ZAC EFRON HANDSOME BARECHESTED BEEFCAKE HUNK CANDID PHOTOGRAPH #eBay…… 
Positive	Love. #StillWithHer 
Negative	Being An Antiwar Activist In Israel Is Dangerous 
Positive	So proud of way @realDonaldTrump & #trumpTransitionteam are molding strong leadership group for #America #TeamTrump #MakeAmericaGreatAgain
Neutral	Medical marijuana for children with developmental and behavioral disorders?  
Positive	The next Muhammad Ali :hundred_points::flexed_biceps_medium-dark_skin_tone::oncoming_fist_medium-dark_skin_tone::trophy: 
Negative	This is my exact point ME and MD: Petraeus did far worse and is unfit for public office.  Also, others (like MD)... 
Negative	@Brasilmagic Including the many innocent men women and children killed by his direct authorized drone strikes?
Neutral	@slone @sxdoc A view by county should ensure anyone with #CommonSense sees the Electoral College works as was plann… 
Negative	@Blogsbloke @AIIAmericanGirI @flamethrower82 @DeplorableJames @3rdReiched @Cernovich I'm getting tired of these people and their gun control
Neutral	And soon Social Security 
Positive	@cur68025855 @PaulRyan I believe Medicare is fine as it stands. But would have to read the facts about privatizing this program.
Neutral	This why I will return to vegetarianism. I can't be part of this 
Negative	@mitchellvii This is Soros, Pelosi, etc - WTF do u think meeting in NYC ws about? Soros is paying 4 this 2 foment mr civil unrest - or worse
Positive	@WeAreBangalore @Harsha_MP @beyondcarlton #NBAwards Let's unearth more such jewels of #Bengaluru 
Negative	Rightists plan mega-Jerusalem in 2040 - with invisible Palestinians 
Positive	Favourite album guys...#3yearsofmidnightmemories #onedirection #MtvStarsNiallHoran #harrystyles #LouisTomlinson 
Positive	#thepowerofreading. Cheers for books! #NBAwards 
Positive	#Spurs #GoSpursGo 2011-12 Panini Black Box #/99 TIM DUNCAN Black Status Elite Rare SPURS!!!! 
Positive	Google this important piece & write to 
Negative	Nov 19????.Busted !! WIKILEAKS anti TRUMP PROTESTS SponsorS BY HILLARY AND GEORGE... 
Negative	@Hard_Specs What else are we going to get out of Brexit but immigration? Nothing else seems to be on the table any more.
Neutral	The “Concern” about Pope Francis by Fr. James V. Schall, S.J., of Crisis Magazine 
Negative	@ChicagoPhotoSho @aravosis Original Nazi Party used to be at zero too
Neutral	Combine these results with documented Russian interference and Comey testified voting systems hacked #AuditTheVote 
Positive	So, if that were Grayson Allen on the floor he would've tripped someone lol!
Positive	#Spurs #GoSpursGo 1997-98 TIM DUNCAN Rookie #Cards (2) Upper Deck and Skybox Premium Future HOFer 
Negative	THIS. SHOULD. SCARE. YOU.  
Positive	The latest Jornal Editorial ! 
Negative	How many homeless could we feed w/ funds req’d to protect Melania #Trump in NYC? (1 mil / day for NYPD) @realDonaldTrump should chip in, no?
Positive	"Cover: ""Barca are the best team in the world"" #fcblive [sport] "
Negative	But I'm a bum right ? I wont be shit right ? Ill be working my minimum wage jobs til I die right ? FOH . :smiling_face_with_halo::middle_finger_light_skin_tone: 
Neutral	#ISIS claims Iraq car-bombing, at least 73 killed. 
Neutral	@DROSS38040 @walkmanF29 @KevJames91 @realDonaldTrump Yes. US citizens happily  employed for MINIMAL (not minimum) wage! I can see it now!
Negative	@TheMikeSalk @ascales0 I hope this isn't another attempt to get a 300 hitter from the National League who now hits 220 Tai wins Cy young, ew
Positive	My families  #Thanksgiving  #MannequinChallenge :smiling_face::smiling_face_with_smiling_eyes::face_with_tears_of_joy::grinning_face_with_sweat::smiling_face_with_halo::smiling_face_with_heart-eyes::squinting_face_with_tongue::smiling_face_with_sunglasses::see-no-evil_monkey::red_heart::woman_dancing::OK_hand::raised_fist::thumbs_up: Lol I love my family!!… 
Neutral	@NOVAxRANGERx @FiveStarMagPW The gold standard.
Negative	Kim Fatty the Third??? The same guy who fed his family to dogs? 
Negative	#Turkey #Yemen Oil down on strong dollar, OPEC uncertainty 
Neutral	VIRAL: Cristiano Ronaldo’s Balls Bounce in Underwear-Clad Poker Advert [Video] 
Neutral	@aravosis so many deplorables..need a basket the size of Russia
Negative	@wxtermelon @inezfmerritt i used that as a for animal testing, broke my heart though as i completely disagree !! :( xx
Positive	Did you ever imagine that? :) 
Negative	I'm too young to be this stressed.
Negative	Anyway, I think some of the angrier leftists mistake me for a liberal because I don't spend every waking hour performatively hating them.
Negative	@TomiLahren nobody is saying to go cold turkey on fossil fuels. Just saying to expedite alternatives. Simple minded people make straw men
Neutral	#college #basketball Grayson Allen, Frank Jackson lead No. 3 Duke past William & Mary 
Neutral	BritishVogue: Why Ashley’s our girl this month: 
Negative	Those filthy media whores at CNN should be put in a cage and scheduled for euthanasia if not … #MAGA #PizzaGate 
Negative	You know you're doing it right when SJWs and alt-rightists find you equally irritating.
Neutral	#Quoteoftheday by Pope Francis.  He is the 266th and current Pope of the Roman Catholic Church 
Negative	#Yanukovych is a lying, thieving, mobster sack of shit under #Putin|'s thumb. #Ukraine
Negative	Fine, I guess I'll tolerate Steve Bannon's appointment, but only if he legally changes his name to Race Baiter Ginsburg
Neutral	Europe Canine Vaccines Market Report 2016 by ReportBazzar 
Positive	10 Epic Moments in @ScreamQueens 2x06 - Blood Drive 
Positive	Great idea from @realDonaldTrump #trumptransitionteam 
Neutral	I want to step up our voter-registration activities. Not every branch doe... #JulianBond #quote 
Positive	Our Graphic Arts Media Courier is out !  
Positive	I'm late to the #TheWalkingDead party but catching up fast. #season3 about to start. #thankful for the long weekend ahead
Negative	With #PresElectTrump we can DefundPP & work to stop #Abortion #AbortionKillsBabies #ChooseLife #ProLife #Adopt… 
Negative	Obama has destroyed the best medical care in th world, b/f Obamacare 85% of hospitals in USA were charitable in USA… 
Negative	@dlrininger7177 you can say shitty fan bases all you want, but you did see that every other state wanted the @Cubs to win the WS, right?...
Negative	Local Native Americans protested the Dakota Access Pipeline at Panorama Bluffs on Thursday. 
Neutral	It's crowded at the market. It’s Sunday and life in this religious town is back on track after Sabbath.… 
Negative	The 2016 recount led by @DrJillStein & funded by Soros is why we need to pass voter ID & end liberals cheating.
Positive	David Blaine celebrity magic on YouTube right now I am laughing
Negative	".@realDonaldTrump Strategist Plots ""New Political Movement"" Reactionary isn't new. Scary. #neverBannon  "
Negative	Anti-Trump Riots are a Smoke Screen 
Negative	Trudeau Liberals even will remove mandatory minimum sentences on sex crimes against children - :face_with_open_mouth: - did you vote for… 
Neutral	#MosulOffensive: Iraqi army makes advances, captures four villages and aiming to take a fifth from #ISIS militants 
Positive	@Jaxsaxman @Stop_MegynKelly @megynkelly @FoxNews Agreed
Positive	Anyway the way OR rolled out its OHP access in '08 is a good antecedent to Medicaid expansion in the ACA
Neutral	China websites block searches for 'Fatty Kim the Third' 
Neutral	CONGRATULATIONS SINGLE PARENTS! #Trump says MORE TAXES for YOU! #MAGA! #MakeAmericaGreatAgain #WorkingParents… 
Positive	I know this is seen as a football holiday, but really?• @utahjazz win• @Dame_Lillard drops 40/11• @kevinlove w/ 45• @AntDavis23 w/ 45
Neutral	@lisandra_1127 it's :litter_in_bin_sign: because nobody is ever spontaneous about it anymore. & let's not forget Valentines.
Negative	This cop actually brought a P90 Shapewood too kill hosts in westworld. I'M DYING 
Positive	@ShaneGeis laugh now. Bartolo winning a Cy young
Neutral	@KitOConnell No solution to a free press and a supposedly civil liberty society. We can pass real gun control maybe for AR rifles.
Positive	I'm so excited for @utahjazz vs @ATLHawks! I drove 10 hrs for this! I wish I would've remembered my @gordonhayward or @daanteee jersey!
Negative	Sen. Warren wants investigation of Trump's transition team 
Negative	"@nprgreene Bless your tact. You try to be delicate saying ""private parts."" Saakashvili boldly says, ""he wanted to hang me by my balls."""
Negative	@cj249colin @KremlinTrolls @noclador @AndreaChalupa @Support @McFaul @StopFakingNews noise but no substance
Positive	FREE Amazon Prime Shipping! 
Positive	I TOO CAN HEAR THE BELLS WATCHING ZAC EFRON IN THIS MOVIE
Positive	@isabellelange_ happy bday isabelle thx for beefin with me all last year:weary_face::OK_hand::sweat_droplets: #Hollywood #OneDirection 
Positive	@hardclear thanks for reminding me about this. I love david blaine.
Neutral	Deep Learning for Visual Question Answering (VAQ) using KerasA really nice blog post by @avisingh599
Positive	@donaltrumph1 Thanks for following us! We appreciate you being with us, and eager to share our passion for 3D printing with you
Positive	I liked a @YouTube video 
Negative	Melania Trump has decided she will champion cyber bullying as FL. She  should probably start with the person who sleeps next to her. wwwwwww
Neutral	Liberals set plan to phase out coal by 2030, with flexibility for Nova Scotia - why not @YourAlberta? 
Positive	THANK YOU, MR. PRESIDENT 
Positive	Is there anything Tim Duncan can't do? 
Neutral	#IAmTinaToo Stop #Cuadrilla from #fracking  #BankruptCuadrilla #ECOCIDE 
Neutral	The Flint water is also an issue. 
Negative	When it comes to social security or Medicare, you have to ask yourself WWPRD? What Would Paul Ryan Destroy? #NoHealthcareForYou
Negative	5. I'm still not mad I'm not dating zac Efron
Neutral	Dear FP: Give #trumptransitionteam a chance FIRST> Will Foreign Aid Get Cut on Trump’s Chopping Block? 
Neutral	Yes I support equality for ALL and love gay marriage LAW. No you won't overturn it because you are scared of the LG… 
Negative	@xiangiao it's weird 'cause I usually like music in his vein, but it's every so shy of being memorable like a Bob Dylan/Lou Reed thing(?)
Neutral	Top Reasons Why You Should Visit Israel - Voyager 
Neutral	@SamsungMobileUS This work with Galaxy Note 7 ? 
Negative	@ObsoleteDogma @dandrezner @PostRoz @washingtonpost Clinton foundation donations drop like a rock when she loses,circle of life is complete!
Positive	It is also fantastic for pain. I am in pain 24/7 from my hip, but with medical marijuana, I can function and also... 
Positive	Harry Drag Me Down High Note <3#MPN #OneDirection 
Neutral	favorite mannequin challenge is the Obama admin standing still while human rights atrocities take place at Standing Rock(& Flint) -Beydoun
Positive	Actually, I'm a very good golfer.... #JustinVerlander #quotation 
Neutral	In the light of Brexit and Trump, what can you do to make the world better? Read this. 
Positive	Yes, prudently invested contributions to the Social Security fund ma... #DanielInouye #citation 
Negative	@typerioter hahahahahaahhahahaahha bhae i identify with leftists because i dont identify with rightists
Positive	#TheWalkingDead EM MEMORIA :flushed_face::cherry_blossom:MERLET-DOGLORISOPHIAGLENNABRAHAMBOBJACQUILIZZIETYREESEGOVERNADORSAMBETHNOAHANDREAMIKA
Negative	@puddnpop13 Kc still be thinking Broncos are the shit. Man he is crazier than hell. They the ones wanting Tony Romo :face_with_tears_of_joy:
Neutral	My Cubs to-do list: Sign Tyson Ross. Sign Kenley Jansen. Don't care about the money. Trade for Chris Archer. Trade Soler and Arrieta
Positive	Usher can STILL sing. Praise God. #ThankYouObama
Neutral	@michaelianblack @nashvl also, the things Obama was blocked from doing, like fixing environment, would save far more 
Negative	The Popular #Vote...what the whiners Don't Understand 
Neutral	Before Stephen Bannon was masterminding Donald Trump’s way into the White House, he tried to put Sarah Palin there. 
Negative	@tripgabriel @abbygoodnough What part of I am going to eliminate Obamacare did you not understand?
Negative	@sasommer oh, the deplorables beg to differ.
Positive	We would totally accept that challenge…if it were at all humanly possible. #ThisIsUs 
Positive	Drones and robots make solar panels more efficient
Positive	#Spurs #GoSpursGo 2008 Fleer #116 Tim Duncan PSA 10 Gem Mint Low POP 4 
Negative	Israeli demolition of Palestinian woman's home 'a double crime' 
Positive	No conflict of interest here, of course. 
Positive	Cristiano Ronaldo with class.  
Negative	SOMEBODY MARRIED STEVE BANNON? My estrogen just dried up. 
Neutral	129 days until the release of Persona 5
Negative	@FBI What the hell happened to your organization? It used to have an unequaled reputation. Sad times! Fire Dir Comey 
Negative	White House staffers stage a 'protest' against someone pooping in their oatmeal. Also strongly blame Trump for Hill… 
Negative	"Catching up on #TheDailyShow & found out Steve Bannon's motto is ""Honey badger don't give a shit."" This is a fact. About a White Supremacist"
Negative	Environmental racism @Potus. It's ok to reroute w/ SOME North Dakota people but not others? You know this is wrong. 
Neutral	. @JaeStC @Beau_fish #Gaddafi killed people, but was a benevolent dictator for most people in #Libya. Same with Saddam in #Iraq.
Negative	:camera: #nlpoli #DrainTheSwamp #Newfoundland #Nfld #NL MHA Bernard Davis is an Anti-White, Cultural Marxist.... 
Negative	dream: rap twinks sets fire both end uo desd gay marriage unsolved?
Positive	"Loved your article on #thepool @HackneyDoula especially the ""what can you do"" section "
Negative	@LizCawleyFeeney @politico @ArunChaud @POLITICOMag how have the obamas been anything but gracious to trump during the transition?
Neutral	@thehill @freedomusa_ @elizabethforma that women is whacked!
Negative	Not so sure that David Blaine can be trusted!! Important!
Negative	"@DexiingRBLX @IIBenWB Not to mention he used a racial slur at a nationally televised debate. ""Bad hombres"" -Donald Trump."
Neutral	Cristiano Ronaldo ‘loses’ to his 5-year-old son in... 
